BehaviorSpace results (NetLogo 6.1.1),,,,,,,
PingModel.nlogo,,,,,,,
experiment,,,,,,,
03/03/2021 14:45:04:878 -0700,,,,,,,
min-pxcor,max-pxcor,min-pycor,max-pycor,,,,
-50,50,-50,50,,,,
[run number],surface-tension,sustain,dis,[step],mag,,
2,60,0.99,20,60,2.773373139,,-1.454022392
3,60,0.991,10,60,5.277402989,,
1,60,0.99,10,60,5.194903419,,-4.476456807
4,60,0.991,20,60,2.873786446,,
6,60,0.992,20,60,2.974130955,,-1.634054307
5,60,0.992,10,60,5.360306592,,
7,60,0.993,10,60,5.44359387,,-4.061782919
9,60,0.994,10,60,5.527243806,,
10,60,0.994,20,60,3.173724646,,-2.405177828
8,60,0.993,20,60,3.074187272,,
11,60,0.995,10,60,5.611234709,,-4.793109487
12,60,0.995,20,60,3.272500887,,
13,60,0.996,10,60,5.695544211,,-4.852978638
14,60,0.996,20,60,3.370262292,,
15,60,0.997,10,60,5.780149259,,-4.913463357
16,60,0.997,20,60,3.466743608,,
17,60,0.998,10,60,5.865026108,,-4.974609108
18,60,0.998,20,60,3.561668002,,
19,60,0.999,10,60,5.950150313,,-5.036463545
20,60,0.999,20,60,3.654747072,,
21,61,0.99,10,60,3.694942637,,-3.041341008
22,61,0.99,20,60,2.614406516,,
23,61,0.991,10,60,3.778831132,,-3.117173337
24,61,0.991,20,60,2.646631181,,
25,61,0.992,10,60,3.862846147,,-2.876109957
27,61,0.993,10,60,3.946944762,,
26,61,0.992,20,60,2.68049216,,-1.988390571
28,61,0.993,20,60,2.768406354,,
29,61,0.994,10,60,4.031082941,,-3.317133332
30,61,0.994,20,60,2.855798434,,
31,61,0.995,10,60,4.115215529,,-3.379603636
32,61,0.995,20,60,2.942447575,,
33,61,0.996,10,60,4.199296253,,-3.442265777
34,61,0.996,20,60,3.028121901,,
35,61,0.997,10,60,4.283277716,,-3.505133121
36,61,0.997,20,60,3.112578377,,
37,61,0.998,10,60,4.367111402,,-3.568220724
38,61,0.998,20,60,3.195562711,,
39,61,0.999,10,60,4.450747676,,-3.631545355
40,61,0.999,20,60,3.276809284,,
41,62,0.99,10,60,4.585315412,,-3.871900132
42,62,0.99,20,60,2.853661122,,
43,62,0.991,10,60,4.643029841,,-3.916620296
44,62,0.991,20,60,2.905638181,,
45,62,0.992,10,60,4.700741397,,-3.962038825
46,62,0.992,20,60,2.954810285,,
47,62,0.993,10,60,4.758429293,,
48,62,0.993,20,60,3.000942135,,
49,62,0.994,10,60,4.816072228,,
50,62,0.994,20,60,3.043793845,,
51,62,0.995,10,60,4.873648375,,
52,62,0.995,20,60,3.083121282,,
53,62,0.996,10,60,4.931135386,,
54,62,0.996,20,60,3.118676446,,
55,62,0.997,10,60,4.988510378,,
56,62,0.997,20,60,3.150207859,,
57,62,0.998,10,60,5.045749937,,
58,62,0.998,20,60,3.177460995,,
60,62,0.999,20,60,3.200178733,,
59,62,0.999,10,60,5.10283011,,
61,63,0.99,10,60,3.715625771,,
62,63,0.99,20,60,1.881221203,,
63,63,0.991,10,60,3.7881071,,
64,63,0.991,20,60,1.953042727,,
65,63,0.992,10,60,3.86145676,,
66,63,0.992,20,60,2.02516569,,
67,63,0.993,10,60,3.935674076,,
68,63,0.993,20,60,2.097445949,,
69,63,0.994,10,60,4.010758068,,
70,63,0.994,20,60,2.169730024,,
71,63,0.995,10,60,4.086707435,,
72,63,0.995,20,60,2.241854869,,
73,63,0.996,10,60,4.163520554,,
74,63,0.996,20,60,2.313647647,,
75,63,0.997,10,60,4.241195468,,
76,63,0.997,20,60,2.384925515,,
77,63,0.998,10,60,4.319729883,,
78,63,0.998,20,60,2.455495409,,
79,63,0.999,10,60,4.39912116,,
80,63,0.999,20,60,2.525153851,,
81,64,0.99,10,60,3.924833513,,
82,64,0.99,20,60,1.558951864,,
83,64,0.991,10,60,3.989441142,,
84,64,0.991,20,60,1.625468785,,
85,64,0.992,10,60,4.053325989,,
86,64,0.992,20,60,1.692685072,,
87,64,0.993,10,60,4.11642647,,
88,64,0.993,20,60,1.760491341,,
89,64,0.994,10,60,4.178680166,,
91,64,0.995,10,60,4.240023866,,
90,64,0.994,20,60,1.828769856,,
92,64,0.995,20,60,1.897394274,,
93,64,0.996,10,60,4.300393602,,
94,64,0.996,20,60,1.966229376,,
95,64,0.997,10,60,4.359724688,,
96,64,0.997,20,60,2.035130813,,
97,64,0.998,10,60,4.417951762,,
98,64,0.998,20,60,2.103944853,,
99,64,0.999,10,60,4.475008828,,
100,64,0.999,20,60,2.172508128,,
101,65,0.99,10,60,3.560494931,,
102,65,0.99,20,60,1.224124896,,
103,65,0.991,10,60,3.592477904,,
104,65,0.991,20,60,1.285645962,,
105,65,0.992,10,60,3.654031981,,
106,65,0.992,20,60,1.348315247,,
107,65,0.993,10,60,3.716214089,,
108,65,0.993,20,60,1.412062267,,
110,65,0.994,20,60,1.476809455,,
109,65,0.994,10,60,3.779021475,,
111,65,0.995,10,60,3.842451111,,
112,65,0.995,20,60,1.542471881,,
113,65,0.996,10,60,3.906499691,,
114,65,0.996,20,60,1.608956968,,
115,65,0.997,10,60,3.971163625,,
116,65,0.997,20,60,1.676164209,,
117,65,0.998,10,60,4.036439033,,
119,65,0.999,10,60,4.10232174,,
118,65,0.998,20,60,1.743984884,,
120,65,0.999,20,60,1.81230177,,
122,66,0.99,20,60,1.239553774,,
123,66,0.991,10,60,3.884150547,,
121,66,0.99,10,60,3.828986191,,
124,66,0.991,20,60,1.265064295,,
126,66,0.992,20,60,1.289908489,,
127,66,0.993,10,60,3.993606273,,
125,66,0.992,10,60,3.939035107,,
128,66,0.993,20,60,1.314009418,,
130,66,0.994,20,60,1.337287359,,
129,66,0.994,10,60,4.047829731,,
131,66,0.995,10,60,4.101670452,,
133,66,0.996,10,60,4.155092689,,
132,66,0.995,20,60,1.359659803,,
134,66,0.996,20,60,1.384273206,,
135,66,0.997,10,60,4.208059978,,
136,66,0.997,20,60,1.429509036,,
137,66,0.998,10,60,4.260535139,,
138,66,0.998,20,60,1.47577815,,
139,66,0.999,10,60,4.313196812,,
140,66,0.999,20,60,1.523084104,,
142,67,0.99,20,60,1.261498065,,
141,67,0.99,10,60,4.000914681,,
143,67,0.991,10,60,4.097822331,,
144,67,0.991,20,60,1.293866319,,
145,67,0.992,10,60,4.195286814,,
146,67,0.992,20,60,1.326015029,,
147,67,0.993,10,60,4.293259452,,
148,67,0.993,20,60,1.357881673,,
149,67,0.994,10,60,4.391689782,,
150,67,0.994,20,60,1.389400903,,
151,67,0.995,10,60,4.490525551,,
152,67,0.995,20,60,1.420504506,,
153,67,0.996,10,60,4.589712701,,
154,67,0.996,20,60,1.451121378,,
155,67,0.997,10,60,4.689195358,,
157,67,0.998,10,60,4.788915824,,
156,67,0.997,20,60,1.481177492,,
158,67,0.998,20,60,1.510595877,,
159,67,0.999,10,60,4.888814569,,
160,67,0.999,20,60,1.539296596,,
161,68,0.99,10,60,4.100877503,,
162,68,0.99,20,60,1.25404586,,
163,68,0.991,10,60,4.17493178,,
164,68,0.991,20,60,1.29313548,,
165,68,0.992,10,60,4.248671504,,
166,68,0.992,20,60,1.332492353,,
167,68,0.993,10,60,4.32203416,,
168,68,0.993,20,60,1.372071647,,
169,68,0.994,10,60,4.394955558,,
170,68,0.994,20,60,1.411825821,,
171,68,0.995,10,60,4.467369823,,
172,68,0.995,20,60,1.451704566,,
174,68,0.996,20,60,1.491654737,,
173,68,0.996,10,60,4.539209397,,
175,68,0.997,10,60,4.610405036,,
176,68,0.997,20,60,1.531620301,,
177,68,0.998,10,60,4.680885814,,
178,68,0.998,20,60,1.571542274,,
179,68,0.999,10,60,4.750579123,,
180,68,0.999,20,60,1.61135867,,
181,69,0.99,10,60,3.793203723,,
182,69,0.99,20,60,1.193306707,,
183,69,0.991,10,60,3.842113979,,
184,69,0.991,20,60,1.237878298,,
185,69,0.992,10,60,3.889993472,,
186,69,0.992,20,60,1.283219964,,
187,69,0.993,10,60,3.936770954,,
188,69,0.993,20,60,1.329308509,,
189,69,0.994,10,60,3.982373625,,
191,69,0.995,10,60,4.026727131,,
190,69,0.994,20,60,1.376118399,,
192,69,0.995,20,60,1.423621688,,
193,69,0.996,10,60,4.069755578,,
194,69,0.996,20,60,1.471787932,,
195,69,0.997,10,60,4.111381532,,
196,69,0.997,20,60,1.520584109,,
197,69,0.998,10,60,4.15152603,,
198,69,0.998,20,60,1.569974538,,
199,69,0.999,10,60,4.190108589,,
200,69,0.999,20,60,1.619920796,,
201,70,0.99,10,60,3.305730349,,
202,70,0.99,20,60,1.030499986,,
203,70,0.991,10,60,3.332096381,,
204,70,0.991,20,60,1.05551769,,
205,70,0.992,10,60,3.356900165,,
206,70,0.992,20,60,1.081015857,,
208,70,0.993,20,60,1.107000996,,
207,70,0.993,10,60,3.380065195,,
209,70,0.994,10,60,3.401513509,,
210,70,0.994,20,60,1.133479653,,
211,70,0.995,10,60,3.421165701,,
212,70,0.995,20,60,1.16045841,,
213,70,0.996,10,60,3.43894093,,
214,70,0.996,20,60,1.187943887,,
215,70,0.997,10,60,3.45475693,,
216,70,0.997,20,60,1.215942742,,
217,70,0.998,10,60,3.548386422,,
218,70,0.998,20,60,1.244461667,,
219,70,0.999,10,60,3.677561648,,
220,70,0.999,20,60,1.273507393,,
221,71,0.99,10,60,3.429016208,,
222,71,0.99,20,60,1.005760478,,
223,71,0.991,10,60,3.498425193,,
225,71,0.992,10,60,3.56844355,,
224,71,0.991,20,60,1.029472082,,
226,71,0.992,20,60,1.053621786,,
227,71,0.993,10,60,3.63905909,,
228,71,0.993,20,60,1.07821506,,
229,71,0.994,10,60,3.710259049,,
230,71,0.994,20,60,1.10325739,,
231,71,0.995,10,60,3.782030078,,
232,71,0.995,20,60,1.128754285,,
233,71,0.996,10,60,3.854358228,,
234,71,0.996,20,60,1.154711272,,
235,71,0.997,10,60,3.92722895,,
236,71,0.997,20,60,1.181133899,,
237,71,0.998,10,60,4.00062708,,
238,71,0.998,20,60,1.208027733,,
239,71,0.999,10,60,4.113804457,,
240,71,0.999,20,60,1.235398361,,
242,72,0.99,20,60,0.978079432,,
241,72,0.99,10,60,3.418869263,,
243,72,0.991,10,60,3.471122226,,
244,72,0.991,20,60,1.000862577,,
245,72,0.992,10,60,3.523442055,,
246,72,0.992,20,60,1.024060478,,
247,72,0.993,10,60,3.575807587,,
248,72,0.993,20,60,1.047678162,,
249,72,0.994,10,60,3.682638671,,
250,72,0.994,20,60,1.071720674,,
251,72,0.995,10,60,3.796127478,,
252,72,0.995,20,60,1.096193076,,
253,72,0.996,10,60,3.911442619,,
254,72,0.996,20,60,1.121100447,,
255,72,0.997,10,60,4.028571023,,
256,72,0.997,20,60,1.146447885,,
257,72,0.998,10,60,4.147497887,,
259,72,0.999,10,60,4.268206633,,
258,72,0.998,20,60,1.172240502,,
260,72,0.999,20,60,1.198483434,,
261,73,0.99,10,60,3.25787812,,
262,73,0.99,20,60,0.956547374,,
263,73,0.991,10,60,3.360805649,,
264,73,0.991,20,60,0.978976715,,
265,73,0.992,10,60,3.465502957,,
266,73,0.992,20,60,1.001820568,,
267,73,0.993,10,60,3.571962404,,
268,73,0.993,20,60,1.025084211,,
269,73,0.994,10,60,3.680174797,,
270,73,0.994,20,60,1.04877295,,
271,73,0.995,10,60,3.790129343,,
272,73,0.995,20,60,1.072892122,,
273,73,0.996,10,60,3.901813604,,
274,73,0.996,20,60,1.097447097,,
276,73,0.997,20,60,1.122443276,,
275,73,0.997,10,60,4.015213444,,
277,73,0.998,10,60,4.130312983,,
278,73,0.998,20,60,1.147886097,,
279,73,0.999,10,60,4.247094547,,
280,73,0.999,20,60,1.173781031,,
281,74,0.99,10,60,3.178464792,,
282,74,0.99,20,60,0.945132461,,
283,74,0.991,10,60,3.263685125,,
284,74,0.991,20,60,0.967865391,,
285,74,0.992,10,60,3.349822885,,
286,74,0.992,20,60,0.991037922,,
287,74,0.993,10,60,3.447082236,,
288,74,0.993,20,60,1.014656345,,
289,74,0.994,10,60,3.553345884,,
290,74,0.994,20,60,1.038727015,,
291,74,0.995,10,60,3.661422358,,
293,74,0.996,10,60,3.771303799,,
292,74,0.995,20,60,1.063256352,,
294,74,0.996,20,60,1.088250842,,
295,74,0.997,10,60,3.882980737,,
296,74,0.997,20,60,1.113717042,,
297,74,0.998,10,60,3.99644204,,
298,74,0.998,20,60,1.13966158,,
299,74,0.999,10,60,4.11167486,,
300,74,0.999,20,60,1.166091156,,
301,75,0.99,10,60,3.118310303,,
302,75,0.99,20,60,0.94284703,,
303,75,0.991,10,60,3.218019967,,
304,75,0.991,20,60,0.966509913,,
305,75,0.992,10,60,3.319413007,,
306,75,0.992,20,60,0.990663031,,
307,75,0.993,10,60,3.422477626,,
308,75,0.993,20,60,1.015314518,,
310,75,0.994,20,60,1.040472631,,
309,75,0.994,10,60,3.527200368,,
311,75,0.995,10,60,3.633566068,,
312,75,0.995,20,60,1.066145747,,
313,75,0.996,10,60,3.741557819,,
314,75,0.996,20,60,1.092342372,,
315,75,0.997,10,60,3.851156923,,
316,75,0.997,20,60,1.119071141,,
317,75,0.998,10,60,3.962342849,,
318,75,0.998,20,60,1.146340823,,
319,75,0.999,10,60,4.0750932,,
320,75,0.999,20,60,1.174160329,,
321,76,0.99,10,60,3.141519657,,
322,76,0.99,20,60,0.943669302,,
323,76,0.991,10,60,3.207822679,,
324,76,0.991,20,60,0.968727791,,
325,76,0.992,10,60,3.274934071,,
327,76,0.993,10,60,3.342850869,,
326,76,0.992,20,60,0.994350101,,
328,76,0.993,20,60,1.02054706,,
329,76,0.994,10,60,3.411569696,,
330,76,0.994,20,60,1.047329694,,
331,76,0.995,10,60,3.481086763,,
332,76,0.995,20,60,1.07470924,,
333,76,0.996,10,60,3.551397852,,
334,76,0.996,20,60,1.10269715,,
335,76,0.997,10,60,3.622498311,,
336,76,0.997,20,60,1.131305094,,
337,76,0.998,10,60,3.694383043,,
338,76,0.998,20,60,1.160544971,,
339,76,0.999,10,60,3.814605714,,
340,76,0.999,20,60,1.190428914,,
341,77,0.99,10,60,3.370440687,,
342,77,0.99,20,60,0.936243545,,
344,77,0.991,20,60,0.962840774,,
343,77,0.991,10,60,3.445754339,,
345,77,0.992,10,60,3.521440061,,
346,77,0.992,20,60,0.990091458,,
347,77,0.993,10,60,3.597448249,,
348,77,0.993,20,60,1.018009877,,
349,77,0.994,10,60,3.673727022,,
350,77,0.994,20,60,1.046610623,,
351,77,0.995,10,60,3.750222173,,
352,77,0.995,20,60,1.075908613,,
353,77,0.996,10,60,3.826877135,,
354,77,0.996,20,60,1.105919092,,
355,77,0.997,10,60,3.903632935,,
356,77,0.997,20,60,1.136657649,,
357,77,0.998,10,60,3.980428158,,
358,77,0.998,20,60,1.168140226,,
359,77,0.999,10,60,4.057198903,,
361,78,0.99,10,60,3.39380059,,
360,77,0.999,20,60,1.200383126,,
362,78,0.99,20,60,0.903691578,,
363,78,0.991,10,60,3.501537804,,
364,78,0.991,20,60,0.931446374,,
365,78,0.992,10,60,3.611281578,,
366,78,0.992,20,60,0.959946973,,
367,78,0.993,10,60,3.723027106,,
368,78,0.993,20,60,0.989211612,,
369,78,0.994,10,60,3.83676772,,
370,78,0.994,20,60,1.019258974,,
371,78,0.995,10,60,3.952494819,,
372,78,0.995,20,60,1.050108208,,
373,78,0.996,10,60,4.070197808,,
374,78,0.996,20,60,1.081778937,,
375,78,0.997,10,60,4.189864028,,
376,78,0.997,20,60,1.114291276,,
378,78,0.998,20,60,1.147665848,,
377,78,0.998,10,60,4.311478687,,
379,78,0.999,10,60,4.435024794,,
380,78,0.999,20,60,1.181923797,,
381,79,0.99,10,60,3.265930246,,
382,79,0.99,20,60,0.893261054,,
383,79,0.991,10,60,3.335134365,,
384,79,0.991,20,60,0.917880861,,
385,79,0.992,10,60,3.404485999,,
386,79,0.992,20,60,0.943086876,,
387,79,0.993,10,60,3.473925482,,
388,79,0.993,20,60,0.968891472,,
389,79,0.994,10,60,3.543390365,,
390,79,0.994,20,60,0.995307298,,
391,79,0.995,10,60,3.612815357,,
392,79,0.995,20,60,1.022347287,,
393,79,0.996,10,60,3.682132259,,
395,79,0.997,10,60,3.75126991,,
394,79,0.996,20,60,1.05002467,,
396,79,0.997,20,60,1.078352982,,
397,79,0.998,10,60,3.820154119,,
398,79,0.998,20,60,1.107346076,,
399,79,0.999,10,60,3.888707609,,
400,79,0.999,20,60,1.137018134,,
401,80,0.99,10,60,3.358102533,,
402,80,0.99,20,60,0.8989014,,
403,80,0.991,10,60,3.473214419,,
404,80,0.991,20,60,0.926776445,,
405,80,0.992,10,60,3.590881794,,
406,80,0.992,20,60,0.955417886,,
407,80,0.993,10,60,3.711119387,,
408,80,0.993,20,60,0.984845195,,
410,80,0.994,20,60,1.015078355,,
409,80,0.994,10,60,3.833940313,,
411,80,0.995,10,60,3.959356004,,
412,80,0.995,20,60,1.046137878,,
413,80,0.996,10,60,4.087376121,,
414,80,0.996,20,60,1.078044823,,
415,80,0.997,10,60,4.218008476,,
416,80,0.997,20,60,1.110820815,,
417,80,0.998,10,60,4.351258951,,
418,80,0.998,20,60,1.144488063,,
419,80,0.999,10,60,4.487131408,,
420,80,0.999,20,60,1.179069382,,
421,81,0.99,10,60,3.464883597,,
422,81,0.99,20,60,0.820187153,,
423,81,0.991,10,60,3.565011456,,
424,81,0.991,20,60,0.840711975,,
425,81,0.992,10,60,3.666760872,,
427,81,0.993,10,60,3.770111793,,
426,81,0.992,20,60,0.86357085,,
428,81,0.993,20,60,0.893709061,,
429,81,0.994,10,60,3.875041641,,
430,81,0.994,20,60,0.924782209,,
431,81,0.995,10,60,3.981525218,,
432,81,0.995,20,60,0.9568174,,
433,81,0.996,10,60,4.089534614,,
434,81,0.996,20,60,0.989842545,,
435,81,0.997,10,60,4.199039106,,
436,81,0.997,20,60,1.023886382,,
437,81,0.998,10,60,4.310005067,,
438,81,0.998,20,60,1.05897851,,
439,81,0.999,10,60,4.422395862,,
440,81,0.999,20,60,1.095149412,,
441,82,0.99,10,60,2.646692197,,
442,82,0.99,20,60,0.818655118,,
444,82,0.991,20,60,0.839912197,,
443,82,0.991,10,60,2.69737124,,
445,82,0.992,10,60,2.748586094,,
446,82,0.992,20,60,0.861733716,,
447,82,0.993,10,60,2.800330833,,
448,82,0.993,20,60,0.88413517,,
449,82,0.994,10,60,2.852599095,,
450,82,0.994,20,60,0.907132495,,
451,82,0.995,10,60,2.905384078,,
452,82,0.995,20,60,0.930742081,,
453,82,0.996,10,60,2.958678523,,
454,82,0.996,20,60,0.954980787,,
455,82,0.997,10,60,3.012474712,,
456,82,0.997,20,60,0.979865954,,
457,82,0.998,10,60,3.066764454,,
458,82,0.998,20,60,1.005415417,,
459,82,0.999,10,60,3.121539079,,
461,83,0.99,10,60,2.677881604,,
460,82,0.999,20,60,1.031647523,,
462,83,0.99,20,60,0.805243938,,
463,83,0.991,10,60,2.742808687,,
464,83,0.991,20,60,0.826948426,,
465,83,0.992,10,60,2.808899309,,
466,83,0.992,20,60,0.849249041,,
467,83,0.993,10,60,2.876165445,,
468,83,0.993,20,60,0.872162605,,
469,83,0.994,10,60,2.944619004,,
470,83,0.994,20,60,0.895706428,,
471,83,0.995,10,60,3.014271815,,
472,83,0.995,20,60,0.919898323,,
473,83,0.996,10,60,3.085135629,,
474,83,0.996,20,60,0.944756622,,
475,83,0.997,10,60,3.157222113,,
476,83,0.997,20,60,0.970300193,,
478,83,0.998,20,60,0.996548453,,
477,83,0.998,10,60,3.230542842,,
479,83,0.999,10,60,3.305109302,,
480,83,0.999,20,60,1.023521385,,
481,84,0.99,10,60,2.465851084,,
482,84,0.99,20,60,0.796194928,,
483,84,0.991,10,60,2.515457672,,
484,84,0.991,20,60,0.818135384,,
485,84,0.992,10,60,2.565666068,,
486,84,0.992,20,60,0.84069796,,
487,84,0.993,10,60,2.616472912,,
488,84,0.993,20,60,0.863900971,,
489,84,0.994,10,60,2.667874456,,
490,84,0.994,20,60,0.887763291,,
491,84,0.995,10,60,2.719866546,,
492,84,0.995,20,60,0.912304373,,
493,84,0.996,10,60,2.772444621,,
495,84,0.997,10,60,2.825603701,,
494,84,0.996,20,60,0.937544268,,
496,84,0.997,20,60,0.963503642,,
497,84,0.998,10,60,2.879338379,,
498,84,0.998,20,60,0.990203794,,
499,84,0.999,10,60,2.933642813,,
500,84,0.999,20,60,1.017666682,,
501,85,0.99,10,60,2.472848976,,
502,85,0.99,20,60,0.776916496,,
503,85,0.991,10,60,2.540772004,,
504,85,0.991,20,60,0.799266123,,
505,85,0.992,10,60,2.610178648,,
506,85,0.992,20,60,0.822272538,,
507,85,0.993,10,60,2.681093457,,
508,85,0.993,20,60,0.845955578,,
509,85,0.994,10,60,2.753541251,,
510,85,0.994,20,60,0.870335694,,
512,85,0.995,20,60,0.895433973,,
511,85,0.995,10,60,2.827547127,,
513,85,0.996,10,60,2.903136461,,
514,85,0.996,20,60,0.92127216,,
515,85,0.997,10,60,2.980334912,,
516,85,0.997,20,60,0.947872676,,
517,85,0.998,10,60,3.059168423,,
518,85,0.998,20,60,0.975258641,,
519,85,0.999,10,60,3.139663232,,
520,85,0.999,20,60,1.003453897,,
521,86,0.99,10,60,2.463373073,,
522,86,0.99,20,60,0.769508065,,
523,86,0.991,10,60,2.529427622,,
524,86,0.991,20,60,0.792379907,,
525,86,0.992,10,60,2.596897737,,
526,86,0.992,20,60,0.815949294,,
527,86,0.993,10,60,2.665806163,,
529,86,0.994,10,60,2.73617588,,
528,86,0.993,20,60,0.840238172,,
530,86,0.994,20,60,0.8652692,,
531,86,0.995,10,60,2.808030108,,
532,86,0.995,20,60,0.891065775,,
533,86,0.996,10,60,2.881392314,,
534,86,0.996,20,60,0.917652053,,
535,86,0.997,10,60,2.956286215,,
536,86,0.997,20,60,0.945052978,,
537,86,0.998,10,60,3.032735778,,
538,86,0.998,20,60,0.973294305,,
539,86,0.999,10,60,3.11076523,,
540,86,0.999,20,60,1.002402629,,
541,87,0.99,10,60,2.38607423,,
542,87,0.99,20,60,0.755462437,,
543,87,0.991,10,60,2.453037752,,
544,87,0.991,20,60,0.778774308,,
546,87,0.992,20,60,0.802825649,,
545,87,0.992,10,60,2.521540381,,
547,87,0.993,10,60,2.591610304,,
548,87,0.993,20,60,0.82764068,,
549,87,0.994,10,60,2.663276125,,
550,87,0.994,20,60,0.853244438,,
551,87,0.995,10,60,2.736566866,,
552,87,0.995,20,60,0.879662808,,
553,87,0.996,10,60,2.81151198,,
554,87,0.996,20,60,0.906922551,,
555,87,0.997,10,60,2.888141357,,
556,87,0.997,20,60,0.935051335,,
557,87,0.998,10,60,2.96648534,,
558,87,0.998,20,60,0.964077766,,
559,87,0.999,10,60,3.046574732,,
560,87,0.999,20,60,0.994031419,,
561,88,0.99,10,60,2.218674036,,
563,88,0.991,10,60,2.288027852,,
562,88,0.99,20,60,0.746364644,,
564,88,0.991,20,60,0.770190648,,
565,88,0.992,10,60,2.359211612,,
566,88,0.992,20,60,0.794807907,,
567,88,0.993,10,60,2.43226675,,
568,88,0.993,20,60,0.820243872,,
569,88,0.994,10,60,2.507235561,,
570,88,0.994,20,60,0.846526984,,
571,88,0.995,10,60,2.58416122,,
572,88,0.995,20,60,0.873686713,,
573,88,0.996,10,60,2.663087808,,
574,88,0.996,20,60,0.901753599,,
575,88,0.997,10,60,2.744060331,,
576,88,0.997,20,60,0.930759285,,
577,88,0.998,10,60,2.827124751,,
578,88,0.998,20,60,0.960736565,,
580,88,0.999,20,60,0.991719423,,
579,88,0.999,10,60,2.912328007,,
581,89,0.99,10,60,2.251637755,,
582,89,0.99,20,60,0.619167222,,
583,89,0.991,10,60,2.317651815,,
584,89,0.991,20,60,0.639995153,,
585,89,0.992,10,60,2.385296991,,
586,89,0.992,20,60,0.661535451,,
587,89,0.993,10,60,2.454607106,,
588,89,0.993,20,60,0.683812937,,
589,89,0.994,10,60,2.525616625,,
590,89,0.994,20,60,0.706853306,,
591,89,0.995,10,60,2.598360671,,
592,89,0.995,20,60,0.730683172,,
593,89,0.996,10,60,2.672875046,,
595,89,0.997,10,60,2.749196249,,
594,89,0.996,20,60,0.755330088,,
596,89,0.997,20,60,0.780822589,,
597,89,0.998,10,60,2.827361503,,
598,89,0.998,20,60,0.807190225,,
599,89,0.999,10,60,2.907408776,,
600,89,0.999,20,60,0.834463595,,
601,90,0.99,10,60,1.793125512,,
602,90,0.99,20,60,0.361662335,,
603,90,0.991,10,60,1.860346958,,
604,90,0.991,20,60,0.374256948,,
605,90,0.992,10,60,1.929744812,,
606,90,0.992,20,60,0.387292849,,
607,90,0.993,10,60,2.001382796,,
608,90,0.993,20,60,0.400785613,,
609,90,0.994,10,60,2.075326446,,
610,90,0.994,20,60,0.414751362,,
612,90,0.995,20,60,0.429206795,,
611,90,0.995,10,60,2.151643168,,
613,90,0.996,10,60,2.230402297,,
614,90,0.996,20,60,0.444169203,,
615,90,0.997,10,60,2.311675163,,
616,90,0.997,20,60,0.459656492,,
617,90,0.998,10,60,2.395535153,,
618,90,0.998,20,60,0.475687207,,
619,90,0.999,10,60,2.482057781,,
620,90,0.999,20,60,0.492280549,,
621,91,0.99,10,60,1.595873535,,
622,91,0.99,20,60,0.1543453,,
623,91,0.991,10,60,1.626697971,,
624,91,0.991,20,60,0.159865318,,
625,91,0.992,10,60,1.658148109,,
626,91,0.992,20,60,0.165582785,,
627,91,0.993,10,60,1.690237214,,
628,91,0.993,20,60,0.171504766,,
629,91,0.994,10,60,1.722978835,,
631,91,0.995,10,60,1.756386822,,
630,91,0.994,20,60,0.177638583,,
632,91,0.995,20,60,0.183991818,,
633,91,0.996,10,60,1.790475323,,
634,91,0.996,20,60,0.190572326,,
635,91,0.997,10,60,1.825258796,,
636,91,0.997,20,60,0.197388242,,
637,91,0.998,10,60,1.860752017,,
638,91,0.998,20,60,0.204447993,,
639,91,0.999,10,60,1.89697008,,
640,91,0.999,20,60,0.211760308,,
641,92,0.99,10,60,1.568537271,,
642,92,0.99,20,60,0.047508498,,
643,92,0.991,10,60,1.600660132,,
644,92,0.991,20,60,0.049245343,,
645,92,0.992,10,60,1.633475955,,
646,92,0.992,20,60,0.051045452,,
648,92,0.993,20,60,0.052911122,,
647,92,0.993,10,60,1.667000358,,
649,92,0.994,10,60,1.701249324,,
650,92,0.994,20,60,0.054844731,,
651,92,0.995,10,60,1.736239206,,
652,92,0.995,20,60,0.056848747,,
653,92,0.996,10,60,1.771986736,,
654,92,0.996,20,60,0.058925723,,
655,92,0.997,10,60,1.808509035,,
656,92,0.997,20,60,0.061078306,,
657,92,0.998,10,60,1.845823621,,
658,92,0.998,20,60,0.063309241,,
659,92,0.999,10,60,1.883948421,,
660,92,0.999,20,60,0.065621369,,
661,93,0.99,10,60,1.534572887,,
662,93,0.99,20,60,0.010075474,,
663,93,0.991,10,60,1.5683977,,
665,93,0.992,10,60,1.603018349,,
664,93,0.991,20,60,0.01045083,,
666,93,0.992,20,60,0.010840082,,
667,93,0.993,10,60,1.638454566,,
668,93,0.993,20,60,0.011243741,,
669,93,0.994,10,60,1.674726588,,
670,93,0.994,20,60,0.011662337,,
671,93,0.995,10,60,1.711855173,,
672,93,0.995,20,60,0.012096419,,
673,93,0.996,10,60,1.74986161,,
674,93,0.996,20,60,0.012546557,,
675,93,0.997,10,60,1.788767733,,
676,93,0.997,20,60,0.013013341,,
677,93,0.998,10,60,1.828595937,,
678,93,0.998,20,60,0.013497382,,
679,93,0.999,10,60,1.869369192,,
680,93,0.999,20,60,0.013999314,,
682,94,0.99,20,60,0.001355807,,
681,94,0.99,10,60,1.504283505,,
683,94,0.991,10,60,1.54006847,,
684,94,0.991,20,60,0.001407161,,
685,94,0.992,10,60,1.576763318,,
686,94,0.992,20,60,0.001460444,,
687,94,0.993,10,60,1.614392427,,
688,94,0.993,20,60,0.001515727,,
689,94,0.994,10,60,1.652980847,,
690,94,0.994,20,60,0.001573087,,
691,94,0.995,10,60,1.692554324,,
692,94,0.995,20,60,0.001632599,,
693,94,0.996,10,60,1.733139317,,
694,94,0.996,20,60,0.001694345,,
695,94,0.997,10,60,1.774763018,,
697,94,0.998,10,60,1.817453373,,
696,94,0.997,20,60,0.001758406,,
698,94,0.998,20,60,0.00182487,,
699,94,0.999,10,60,1.861239104,,
700,94,0.999,20,60,0.001893825,,
701,95,0.99,10,60,1.464282642,,
702,95,0.99,20,60,1.01E-04,,
703,95,0.991,10,60,1.502448115,,
704,95,0.991,20,60,1.05E-04,,
705,95,0.992,10,60,1.541680844,,
706,95,0.992,20,60,1.09E-04,,
707,95,0.993,10,60,1.582012327,,
708,95,0.993,20,60,1.13E-04,,
709,95,0.994,10,60,1.62347502,,
710,95,0.994,20,60,1.17E-04,,
711,95,0.995,10,60,1.666102373,,
712,95,0.995,20,60,1.22E-04,,
713,95,0.996,10,60,1.709928855,,
714,95,0.996,20,60,1.26E-04,,
716,95,0.997,20,60,1.31E-04,,
715,95,0.997,10,60,1.754989993,,
717,95,0.998,10,60,1.801322397,,
718,95,0.998,20,60,1.36E-04,,
719,95,0.999,10,60,1.8489638,,
720,95,0.999,20,60,1.42E-04,,
721,96,0.99,10,60,1.412800049,,
722,96,0.99,20,60,3.26E-06,,
723,96,0.991,10,60,1.453706462,,
724,96,0.991,20,60,3.39E-06,,
725,96,0.992,10,60,1.49588226,,
726,96,0.992,20,60,3.52E-06,,
727,96,0.993,10,60,1.539368959,,
728,96,0.993,20,60,3.66E-06,,
729,96,0.994,10,60,1.584209479,,
731,96,0.995,10,60,1.630448194,,
730,96,0.994,20,60,3.80E-06,,
732,96,0.995,20,60,3.95E-06,,
733,96,0.996,10,60,1.67813098,,
734,96,0.996,20,60,4.10E-06,,
735,96,0.997,10,60,1.727305269,,
736,96,0.997,20,60,4.26E-06,,
737,96,0.998,10,60,1.778020102,,
738,96,0.998,20,60,4.43E-06,,
739,96,0.999,10,60,1.830326182,,
740,96,0.999,20,60,4.60E-06,,
741,97,0.99,10,60,1.345579906,,
742,97,0.99,20,60,2.93E-08,,
743,97,0.991,10,60,1.390557853,,
744,97,0.991,20,60,3.04E-08,,
745,97,0.992,10,60,1.437157467,,
746,97,0.992,20,60,3.16E-08,,
747,97,0.993,10,60,1.485440585,,
748,97,0.993,20,60,3.29E-08,,
750,97,0.994,20,60,3.42E-08,,
749,97,0.994,10,60,1.535471491,,
751,97,0.995,10,60,1.587317011,,
752,97,0.995,20,60,3.55E-08,,
753,97,0.996,10,60,1.641046619,,
754,97,0.996,20,60,3.69E-08,,
755,97,0.997,10,60,1.696732542,,
756,97,0.997,20,60,3.84E-08,,
757,97,0.998,10,60,1.754449872,,
758,97,0.998,20,60,3.99E-08,,
759,97,0.999,10,60,1.814276682,,
760,97,0.999,20,60,4.14E-08,,
761,98,0.99,10,60,0.376747126,,
762,98,0.99,20,60,2.64E-11,,
763,98,0.991,10,60,0.389711212,,
765,98,0.992,10,60,0.403134282,,
764,98,0.991,20,60,2.74E-11,,
766,98,0.992,20,60,2.85E-11,,
767,98,0.993,10,60,0.417032972,,
768,98,0.993,20,60,2.96E-11,,
769,98,0.994,10,60,0.431424532,,
770,98,0.994,20,60,3.08E-11,,
771,98,0.995,10,60,0.446326848,,
772,98,0.995,20,60,3.20E-11,,
773,98,0.996,10,60,0.461758467,,
774,98,0.996,20,60,3.33E-11,,
775,98,0.997,10,60,0.477738623,,
776,98,0.997,20,60,3.46E-11,,
777,98,0.998,10,60,0.494287258,,
778,98,0.998,20,60,3.60E-11,,
779,98,0.999,10,60,0.511425055,,
780,98,0.999,20,60,3.74E-11,,
781,99,0.99,10,60,0.004282174,,
782,99,0.99,20,60,8.64E-17,,
784,99,0.991,20,60,8.99E-17,,
783,99,0.991,10,60,0.004433114,,
785,99,0.992,10,60,0.004589447,,
786,99,0.992,20,60,9.35E-17,,
787,99,0.993,10,60,0.004751368,,
788,99,0.993,20,60,9.73E-17,,
789,99,0.994,10,60,0.004919081,,
790,99,0.994,20,60,1.01E-16,,
791,99,0.995,10,60,0.005092793,,
792,99,0.995,20,60,1.05E-16,,
793,99,0.996,10,60,0.005272722,,
794,99,0.996,20,60,1.10E-16,,
795,99,0.997,10,60,0.005459093,,
796,99,0.997,20,60,1.14E-16,,
797,99,0.998,10,60,0.005652139,,
799,99,0.999,10,60,0.005852102,,
798,99,0.998,20,60,1.18E-16,,
800,99,0.999,20,60,1.23E-16,,
